,dataset,probability,cluster,count
0,FSS 24h a,0.30000001192092896,0,2
1,FSS 24h a,0.30000001192092896,1,4
2,FSS 24h a,0.30000001192092896,4,6
3,FSS 24h a,0.30000001192092896,5,8
4,FSS 24h a,0.30000001192092896,6,9
54,FSS 24h b,0.30000001192092896,0,6
55,FSS 24h b,0.30000001192092896,4,8
56,FSS 24h b,0.30000001192092896,5,10
57,FSS 24h b,0.30000001192092896,6,11
105,FSS 24h c,0.30000001192092896,0,1
106,FSS 24h c,0.30000001192092896,2,2
107,FSS 24h c,0.30000001192092896,3,3
108,FSS 24h c,0.30000001192092896,4,4
109,FSS 24h c,0.30000001192092896,6,6
159,FSS 24h d,0.30000001192092896,0,5
160,FSS 24h d,0.30000001192092896,1,6
161,FSS 24h d,0.30000001192092896,2,7
162,FSS 24h d,0.30000001192092896,3,8
163,FSS 24h d,0.30000001192092896,4,10
164,FSS 24h d,0.30000001192092896,5,11
165,FSS 24h d,0.30000001192092896,6,14
214,FSS 24h e,0.30000001192092896,0,1
215,FSS 24h e,0.30000001192092896,2,2
216,FSS 24h e,0.30000001192092896,4,3
217,FSS 24h e,0.30000001192092896,6,6
267,FSS 24h f,0.30000001192092896,3,1
268,FSS 24h f,0.30000001192092896,4,3
318,FSS 72h a,0.30000001192092896,0,1
319,FSS 72h a,0.30000001192092896,1,3
320,FSS 72h a,0.30000001192092896,3,5
321,FSS 72h a,0.30000001192092896,4,8
322,FSS 72h a,0.30000001192092896,5,9
323,FSS 72h a,0.30000001192092896,6,10
373,FSS 72h b,0.30000001192092896,0,6
374,FSS 72h b,0.30000001192092896,1,7
375,FSS 72h b,0.30000001192092896,3,9
376,FSS 72h b,0.30000001192092896,4,13
377,FSS 72h b,0.30000001192092896,5,16
378,FSS 72h b,0.30000001192092896,6,19
427,FSS 72h c,0.30000001192092896,0,5
428,FSS 72h c,0.30000001192092896,1,7
429,FSS 72h c,0.30000001192092896,2,8
430,FSS 72h c,0.30000001192092896,4,11
431,FSS 72h c,0.30000001192092896,5,13
432,FSS 72h c,0.30000001192092896,6,14
482,FSS 72h d,0.30000001192092896,0,5
483,FSS 72h d,0.30000001192092896,2,6
484,FSS 72h d,0.30000001192092896,3,7
485,FSS 72h d,0.30000001192092896,4,9
486,FSS 72h d,0.30000001192092896,5,11
487,FSS 72h d,0.30000001192092896,6,13
537,FSS 72h e,0.30000001192092896,0,4
538,FSS 72h e,0.30000001192092896,1,6
539,FSS 72h e,0.30000001192092896,2,7
540,FSS 72h e,0.30000001192092896,3,9
541,FSS 72h e,0.30000001192092896,4,12
542,FSS 72h e,0.30000001192092896,5,15
543,FSS 72h e,0.30000001192092896,6,18
592,FSS 72h f,0.30000001192092896,2,1
593,FSS 72h f,0.30000001192092896,4,2
594,FSS 72h f,0.30000001192092896,6,3
644,LPS 24h a,0.30000001192092896,0,4
645,LPS 24h a,0.30000001192092896,2,5
646,LPS 24h a,0.30000001192092896,4,10
647,LPS 24h a,0.30000001192092896,5,11
697,LPS 24h b,0.30000001192092896,0,3
698,LPS 24h b,0.30000001192092896,1,5
699,LPS 24h b,0.30000001192092896,2,6
700,LPS 24h b,0.30000001192092896,5,11
701,LPS 24h b,0.30000001192092896,6,12
750,LPS 24h c,0.30000001192092896,0,3
751,LPS 24h c,0.30000001192092896,2,4
752,LPS 24h c,0.30000001192092896,4,9
753,LPS 24h c,0.30000001192092896,5,10
803,LPS 24h d,0.30000001192092896,0,2
804,LPS 24h d,0.30000001192092896,1,3
805,LPS 24h d,0.30000001192092896,3,5
806,LPS 24h d,0.30000001192092896,4,7
807,LPS 24h d,0.30000001192092896,5,10
808,LPS 24h d,0.30000001192092896,6,12
858,LPS 24h e,0.30000001192092896,0,4
859,LPS 24h e,0.30000001192092896,1,7
860,LPS 24h e,0.30000001192092896,2,9
861,LPS 24h e,0.30000001192092896,4,10
862,LPS 24h e,0.30000001192092896,5,11
863,LPS 24h e,0.30000001192092896,6,13
911,LPS 24h f,0.30000001192092896,0,3
912,LPS 24h f,0.30000001192092896,1,6
913,LPS 24h f,0.30000001192092896,2,7
914,LPS 24h f,0.30000001192092896,5,12
915,LPS 24h f,0.30000001192092896,6,13
965,LPS 72h a,0.30000001192092896,0,2
966,LPS 72h a,0.30000001192092896,1,5
967,LPS 72h a,0.30000001192092896,3,7
968,LPS 72h a,0.30000001192092896,6,8
1018,LPS 72h b,0.30000001192092896,0,2
1019,LPS 72h b,0.30000001192092896,1,5
1020,LPS 72h b,0.30000001192092896,2,6
1021,LPS 72h b,0.30000001192092896,3,8
1022,LPS 72h b,0.30000001192092896,4,9
1023,LPS 72h b,0.30000001192092896,5,12
1073,LPS 72h c,0.30000001192092896,0,4
1074,LPS 72h c,0.30000001192092896,1,9
1075,LPS 72h c,0.30000001192092896,2,11
1076,LPS 72h c,0.30000001192092896,3,12
1077,LPS 72h c,0.30000001192092896,4,13
1078,LPS 72h c,0.30000001192092896,5,14
1079,LPS 72h c,0.30000001192092896,6,16
1129,LPS 72h d,0.30000001192092896,0,1
1130,LPS 72h d,0.30000001192092896,4,3
1131,LPS 72h d,0.30000001192092896,5,4
1132,LPS 72h d,0.30000001192092896,6,6
1182,LPS 72h e,0.30000001192092896,0,4
1183,LPS 72h e,0.30000001192092896,1,5
1184,LPS 72h e,0.30000001192092896,2,6
1185,LPS 72h e,0.30000001192092896,4,7
1186,LPS 72h e,0.30000001192092896,5,8
1187,LPS 72h e,0.30000001192092896,6,11
1237,LPS 72h f,0.30000001192092896,0,2
1238,LPS 72h f,0.30000001192092896,1,4
1239,LPS 72h f,0.30000001192092896,2,5
1240,LPS 72h f,0.30000001192092896,5,7
1241,LPS 72h f,0.30000001192092896,6,8
5,FSS 24h a,0.4000000059604645,0,38
6,FSS 24h a,0.4000000059604645,1,42
7,FSS 24h a,0.4000000059604645,2,44
8,FSS 24h a,0.4000000059604645,3,52
9,FSS 24h a,0.4000000059604645,4,89
10,FSS 24h a,0.4000000059604645,5,115
11,FSS 24h a,0.4000000059604645,6,137
58,FSS 24h b,0.4000000059604645,0,42
59,FSS 24h b,0.4000000059604645,1,44
60,FSS 24h b,0.4000000059604645,2,45
61,FSS 24h b,0.4000000059604645,3,47
62,FSS 24h b,0.4000000059604645,4,74
63,FSS 24h b,0.4000000059604645,5,94
64,FSS 24h b,0.4000000059604645,6,120
110,FSS 24h c,0.4000000059604645,0,43
111,FSS 24h c,0.4000000059604645,1,47
112,FSS 24h c,0.4000000059604645,2,50
113,FSS 24h c,0.4000000059604645,3,61
114,FSS 24h c,0.4000000059604645,4,83
115,FSS 24h c,0.4000000059604645,5,121
116,FSS 24h c,0.4000000059604645,6,151
166,FSS 24h d,0.4000000059604645,0,68
167,FSS 24h d,0.4000000059604645,1,75
168,FSS 24h d,0.4000000059604645,2,79
169,FSS 24h d,0.4000000059604645,3,91
170,FSS 24h d,0.4000000059604645,4,135
171,FSS 24h d,0.4000000059604645,5,173
172,FSS 24h d,0.4000000059604645,6,213
218,FSS 24h e,0.4000000059604645,0,46
219,FSS 24h e,0.4000000059604645,1,53
220,FSS 24h e,0.4000000059604645,2,54
221,FSS 24h e,0.4000000059604645,3,59
222,FSS 24h e,0.4000000059604645,4,82
223,FSS 24h e,0.4000000059604645,5,120
224,FSS 24h e,0.4000000059604645,6,159
269,FSS 24h f,0.4000000059604645,0,38
270,FSS 24h f,0.4000000059604645,1,43
271,FSS 24h f,0.4000000059604645,2,45
272,FSS 24h f,0.4000000059604645,3,56
273,FSS 24h f,0.4000000059604645,4,86
274,FSS 24h f,0.4000000059604645,5,123
275,FSS 24h f,0.4000000059604645,6,164
324,FSS 72h a,0.4000000059604645,0,44
325,FSS 72h a,0.4000000059604645,1,46
326,FSS 72h a,0.4000000059604645,2,50
327,FSS 72h a,0.4000000059604645,3,53
328,FSS 72h a,0.4000000059604645,4,91
329,FSS 72h a,0.4000000059604645,5,121
330,FSS 72h a,0.4000000059604645,6,141
379,FSS 72h b,0.4000000059604645,0,68
380,FSS 72h b,0.4000000059604645,1,72
381,FSS 72h b,0.4000000059604645,2,79
382,FSS 72h b,0.4000000059604645,3,90
383,FSS 72h b,0.4000000059604645,4,128
384,FSS 72h b,0.4000000059604645,5,160
385,FSS 72h b,0.4000000059604645,6,192
433,FSS 72h c,0.4000000059604645,0,46
434,FSS 72h c,0.4000000059604645,1,59
435,FSS 72h c,0.4000000059604645,2,63
436,FSS 72h c,0.4000000059604645,3,72
437,FSS 72h c,0.4000000059604645,4,97
438,FSS 72h c,0.4000000059604645,5,122
439,FSS 72h c,0.4000000059604645,6,143
488,FSS 72h d,0.4000000059604645,0,66
489,FSS 72h d,0.4000000059604645,1,71
490,FSS 72h d,0.4000000059604645,2,76
491,FSS 72h d,0.4000000059604645,3,84
492,FSS 72h d,0.4000000059604645,4,121
493,FSS 72h d,0.4000000059604645,5,158
494,FSS 72h d,0.4000000059604645,6,197
544,FSS 72h e,0.4000000059604645,0,47
545,FSS 72h e,0.4000000059604645,1,49
546,FSS 72h e,0.4000000059604645,2,50
547,FSS 72h e,0.4000000059604645,3,53
548,FSS 72h e,0.4000000059604645,4,84
549,FSS 72h e,0.4000000059604645,5,112
550,FSS 72h e,0.4000000059604645,6,145
595,FSS 72h f,0.4000000059604645,0,16
596,FSS 72h f,0.4000000059604645,1,17
597,FSS 72h f,0.4000000059604645,2,22
598,FSS 72h f,0.4000000059604645,3,24
599,FSS 72h f,0.4000000059604645,4,34
600,FSS 72h f,0.4000000059604645,5,44
601,FSS 72h f,0.4000000059604645,6,56
648,LPS 24h a,0.4000000059604645,0,54
649,LPS 24h a,0.4000000059604645,1,57
650,LPS 24h a,0.4000000059604645,2,62
651,LPS 24h a,0.4000000059604645,3,68
652,LPS 24h a,0.4000000059604645,4,111
653,LPS 24h a,0.4000000059604645,5,146
654,LPS 24h a,0.4000000059604645,6,175
702,LPS 24h b,0.4000000059604645,0,51
703,LPS 24h b,0.4000000059604645,1,54
704,LPS 24h b,0.4000000059604645,2,58
705,LPS 24h b,0.4000000059604645,3,64
706,LPS 24h b,0.4000000059604645,4,92
707,LPS 24h b,0.4000000059604645,5,116
708,LPS 24h b,0.4000000059604645,6,148
754,LPS 24h c,0.4000000059604645,0,46
755,LPS 24h c,0.4000000059604645,1,49
756,LPS 24h c,0.4000000059604645,2,52
757,LPS 24h c,0.4000000059604645,3,59
758,LPS 24h c,0.4000000059604645,4,102
759,LPS 24h c,0.4000000059604645,5,128
760,LPS 24h c,0.4000000059604645,6,165
809,LPS 24h d,0.4000000059604645,0,50
810,LPS 24h d,0.4000000059604645,1,56
811,LPS 24h d,0.4000000059604645,2,60
812,LPS 24h d,0.4000000059604645,3,67
813,LPS 24h d,0.4000000059604645,4,98
814,LPS 24h d,0.4000000059604645,5,130
815,LPS 24h d,0.4000000059604645,6,165
864,LPS 24h e,0.4000000059604645,0,51
865,LPS 24h e,0.4000000059604645,1,53
866,LPS 24h e,0.4000000059604645,2,57
867,LPS 24h e,0.4000000059604645,3,62
868,LPS 24h e,0.4000000059604645,4,108
869,LPS 24h e,0.4000000059604645,5,148
870,LPS 24h e,0.4000000059604645,6,182
916,LPS 24h f,0.4000000059604645,0,43
917,LPS 24h f,0.4000000059604645,1,53
918,LPS 24h f,0.4000000059604645,2,58
919,LPS 24h f,0.4000000059604645,3,67
920,LPS 24h f,0.4000000059604645,4,97
921,LPS 24h f,0.4000000059604645,5,128
922,LPS 24h f,0.4000000059604645,6,153
969,LPS 72h a,0.4000000059604645,0,39
970,LPS 72h a,0.4000000059604645,1,43
971,LPS 72h a,0.4000000059604645,2,49
972,LPS 72h a,0.4000000059604645,3,54
973,LPS 72h a,0.4000000059604645,4,89
974,LPS 72h a,0.4000000059604645,5,122
975,LPS 72h a,0.4000000059604645,6,157
1024,LPS 72h b,0.4000000059604645,0,57
1025,LPS 72h b,0.4000000059604645,1,58
1026,LPS 72h b,0.4000000059604645,2,63
1027,LPS 72h b,0.4000000059604645,3,72
1028,LPS 72h b,0.4000000059604645,4,101
1029,LPS 72h b,0.4000000059604645,5,125
1030,LPS 72h b,0.4000000059604645,6,153
1080,LPS 72h c,0.4000000059604645,0,48
1081,LPS 72h c,0.4000000059604645,1,52
1082,LPS 72h c,0.4000000059604645,2,58
1083,LPS 72h c,0.4000000059604645,3,68
1084,LPS 72h c,0.4000000059604645,4,91
1085,LPS 72h c,0.4000000059604645,5,128
1086,LPS 72h c,0.4000000059604645,6,157
1133,LPS 72h d,0.4000000059604645,0,59
1134,LPS 72h d,0.4000000059604645,1,63
1135,LPS 72h d,0.4000000059604645,2,68
1136,LPS 72h d,0.4000000059604645,3,74
1137,LPS 72h d,0.4000000059604645,4,108
1138,LPS 72h d,0.4000000059604645,5,151
1139,LPS 72h d,0.4000000059604645,6,200
1188,LPS 72h e,0.4000000059604645,0,53
1189,LPS 72h e,0.4000000059604645,1,58
1190,LPS 72h e,0.4000000059604645,2,62
1191,LPS 72h e,0.4000000059604645,3,71
1192,LPS 72h e,0.4000000059604645,4,112
1193,LPS 72h e,0.4000000059604645,5,138
1194,LPS 72h e,0.4000000059604645,6,176
1242,LPS 72h f,0.4000000059604645,0,40
1243,LPS 72h f,0.4000000059604645,1,41
1244,LPS 72h f,0.4000000059604645,2,42
1245,LPS 72h f,0.4000000059604645,3,49
1246,LPS 72h f,0.4000000059604645,4,74
1247,LPS 72h f,0.4000000059604645,5,109
1248,LPS 72h f,0.4000000059604645,6,133
12,FSS 24h a,0.5,0,222
13,FSS 24h a,0.5,1,223
14,FSS 24h a,0.5,2,224
15,FSS 24h a,0.5,3,242
16,FSS 24h a,0.5,4,341
17,FSS 24h a,0.5,5,426
18,FSS 24h a,0.5,6,506
65,FSS 24h b,0.5,0,229
66,FSS 24h b,0.5,1,232
67,FSS 24h b,0.5,2,233
68,FSS 24h b,0.5,3,244
69,FSS 24h b,0.5,4,378
70,FSS 24h b,0.5,5,434
71,FSS 24h b,0.5,6,548
117,FSS 24h c,0.5,0,258
118,FSS 24h c,0.5,1,262
119,FSS 24h c,0.5,2,268
120,FSS 24h c,0.5,3,298
121,FSS 24h c,0.5,4,395
122,FSS 24h c,0.5,5,473
123,FSS 24h c,0.5,6,562
173,FSS 24h d,0.5,0,341
174,FSS 24h d,0.5,1,349
175,FSS 24h d,0.5,2,358
176,FSS 24h d,0.5,3,383
177,FSS 24h d,0.5,4,533
178,FSS 24h d,0.5,5,659
179,FSS 24h d,0.5,6,803
225,FSS 24h e,0.5,0,277
226,FSS 24h e,0.5,1,283
227,FSS 24h e,0.5,2,289
228,FSS 24h e,0.5,3,325
229,FSS 24h e,0.5,4,445
230,FSS 24h e,0.5,5,544
231,FSS 24h e,0.5,6,638
276,FSS 24h f,0.5,0,293
277,FSS 24h f,0.5,1,302
278,FSS 24h f,0.5,2,305
279,FSS 24h f,0.5,3,323
280,FSS 24h f,0.5,4,437
281,FSS 24h f,0.5,5,566
282,FSS 24h f,0.5,6,680
331,FSS 72h a,0.5,0,253
332,FSS 72h a,0.5,1,255
333,FSS 72h a,0.5,2,261
334,FSS 72h a,0.5,3,277
335,FSS 72h a,0.5,4,375
336,FSS 72h a,0.5,5,441
337,FSS 72h a,0.5,6,519
386,FSS 72h b,0.5,0,295
387,FSS 72h b,0.5,1,302
388,FSS 72h b,0.5,2,310
389,FSS 72h b,0.5,3,333
390,FSS 72h b,0.5,4,475
391,FSS 72h b,0.5,5,557
392,FSS 72h b,0.5,6,661
440,FSS 72h c,0.5,0,234
441,FSS 72h c,0.5,1,244
442,FSS 72h c,0.5,2,249
443,FSS 72h c,0.5,3,280
444,FSS 72h c,0.5,4,351
445,FSS 72h c,0.5,5,400
446,FSS 72h c,0.5,6,476
495,FSS 72h d,0.5,0,337
496,FSS 72h d,0.5,1,342
497,FSS 72h d,0.5,2,358
498,FSS 72h d,0.5,3,398
499,FSS 72h d,0.5,4,500
500,FSS 72h d,0.5,5,596
501,FSS 72h d,0.5,6,723
551,FSS 72h e,0.5,0,276
552,FSS 72h e,0.5,1,282
553,FSS 72h e,0.5,2,287
554,FSS 72h e,0.5,3,304
555,FSS 72h e,0.5,4,417
556,FSS 72h e,0.5,5,534
557,FSS 72h e,0.5,6,645
602,FSS 72h f,0.5,0,100
603,FSS 72h f,0.5,1,110
604,FSS 72h f,0.5,2,116
605,FSS 72h f,0.5,3,128
606,FSS 72h f,0.5,4,169
607,FSS 72h f,0.5,5,193
608,FSS 72h f,0.5,6,228
655,LPS 24h a,0.5,0,289
656,LPS 24h a,0.5,1,295
657,LPS 24h a,0.5,2,304
658,LPS 24h a,0.5,3,322
659,LPS 24h a,0.5,4,457
660,LPS 24h a,0.5,5,568
661,LPS 24h a,0.5,6,662
709,LPS 24h b,0.5,0,263
710,LPS 24h b,0.5,1,267
711,LPS 24h b,0.5,2,269
712,LPS 24h b,0.5,3,281
713,LPS 24h b,0.5,4,387
714,LPS 24h b,0.5,5,478
715,LPS 24h b,0.5,6,557
761,LPS 24h c,0.5,0,271
762,LPS 24h c,0.5,1,272
763,LPS 24h c,0.5,2,273
764,LPS 24h c,0.5,3,290
765,LPS 24h c,0.5,4,407
766,LPS 24h c,0.5,5,513
767,LPS 24h c,0.5,6,601
816,LPS 24h d,0.5,0,289
817,LPS 24h d,0.5,1,298
818,LPS 24h d,0.5,2,304
819,LPS 24h d,0.5,3,327
820,LPS 24h d,0.5,4,443
821,LPS 24h d,0.5,5,549
822,LPS 24h d,0.5,6,666
871,LPS 24h e,0.5,0,315
872,LPS 24h e,0.5,1,318
873,LPS 24h e,0.5,3,328
874,LPS 24h e,0.5,4,465
875,LPS 24h e,0.5,5,600
876,LPS 24h e,0.5,6,699
923,LPS 24h f,0.5,0,262
924,LPS 24h f,0.5,1,273
925,LPS 24h f,0.5,2,284
926,LPS 24h f,0.5,3,315
927,LPS 24h f,0.5,4,423
928,LPS 24h f,0.5,5,527
929,LPS 24h f,0.5,6,635
976,LPS 72h a,0.5,0,263
977,LPS 72h a,0.5,1,271
978,LPS 72h a,0.5,2,276
979,LPS 72h a,0.5,3,289
980,LPS 72h a,0.5,4,424
981,LPS 72h a,0.5,5,537
982,LPS 72h a,0.5,6,646
1031,LPS 72h b,0.5,0,277
1032,LPS 72h b,0.5,1,282
1033,LPS 72h b,0.5,2,291
1034,LPS 72h b,0.5,3,317
1035,LPS 72h b,0.5,4,427
1036,LPS 72h b,0.5,5,503
1037,LPS 72h b,0.5,6,587
1087,LPS 72h c,0.5,0,270
1088,LPS 72h c,0.5,1,273
1089,LPS 72h c,0.5,2,277
1090,LPS 72h c,0.5,3,301
1091,LPS 72h c,0.5,4,436
1092,LPS 72h c,0.5,5,552
1093,LPS 72h c,0.5,6,637
1140,LPS 72h d,0.5,0,325
1141,LPS 72h d,0.5,1,326
1142,LPS 72h d,0.5,2,335
1143,LPS 72h d,0.5,3,369
1144,LPS 72h d,0.5,4,505
1145,LPS 72h d,0.5,5,618
1146,LPS 72h d,0.5,6,728
1195,LPS 72h e,0.5,0,304
1196,LPS 72h e,0.5,1,313
1197,LPS 72h e,0.5,2,318
1198,LPS 72h e,0.5,3,338
1199,LPS 72h e,0.5,4,442
1200,LPS 72h e,0.5,5,573
1201,LPS 72h e,0.5,6,704
1249,LPS 72h f,0.5,0,259
1250,LPS 72h f,0.5,1,262
1251,LPS 72h f,0.5,2,264
1252,LPS 72h f,0.5,3,274
1253,LPS 72h f,0.5,4,382
1254,LPS 72h f,0.5,5,478
1255,LPS 72h f,0.5,6,581
19,FSS 24h a,0.6000000238418579,0,677
20,FSS 24h a,0.6000000238418579,1,679
21,FSS 24h a,0.6000000238418579,2,680
22,FSS 24h a,0.6000000238418579,3,730
23,FSS 24h a,0.6000000238418579,4,869
24,FSS 24h a,0.6000000238418579,5,978
25,FSS 24h a,0.6000000238418579,6,1097
72,FSS 24h b,0.6000000238418579,0,747
73,FSS 24h b,0.6000000238418579,2,749
74,FSS 24h b,0.6000000238418579,3,781
75,FSS 24h b,0.6000000238418579,4,1008
76,FSS 24h b,0.6000000238418579,5,1086
77,FSS 24h b,0.6000000238418579,6,1251
124,FSS 24h c,0.6000000238418579,0,795
125,FSS 24h c,0.6000000238418579,1,801
126,FSS 24h c,0.6000000238418579,2,818
127,FSS 24h c,0.6000000238418579,3,896
128,FSS 24h c,0.6000000238418579,4,1073
129,FSS 24h c,0.6000000238418579,5,1172
130,FSS 24h c,0.6000000238418579,6,1344
180,FSS 24h d,0.6000000238418579,0,1032
181,FSS 24h d,0.6000000238418579,1,1037
182,FSS 24h d,0.6000000238418579,2,1046
183,FSS 24h d,0.6000000238418579,3,1104
184,FSS 24h d,0.6000000238418579,4,1350
185,FSS 24h d,0.6000000238418579,5,1511
186,FSS 24h d,0.6000000238418579,6,1696
232,FSS 24h e,0.6000000238418579,0,875
233,FSS 24h e,0.6000000238418579,1,885
234,FSS 24h e,0.6000000238418579,2,896
235,FSS 24h e,0.6000000238418579,3,950
236,FSS 24h e,0.6000000238418579,4,1164
237,FSS 24h e,0.6000000238418579,5,1303
238,FSS 24h e,0.6000000238418579,6,1476
283,FSS 24h f,0.6000000238418579,0,909
284,FSS 24h f,0.6000000238418579,1,920
285,FSS 24h f,0.6000000238418579,2,932
286,FSS 24h f,0.6000000238418579,3,975
287,FSS 24h f,0.6000000238418579,4,1153
288,FSS 24h f,0.6000000238418579,5,1328
289,FSS 24h f,0.6000000238418579,6,1509
338,FSS 72h a,0.6000000238418579,0,747
339,FSS 72h a,0.6000000238418579,1,749
340,FSS 72h a,0.6000000238418579,2,752
341,FSS 72h a,0.6000000238418579,3,813
342,FSS 72h a,0.6000000238418579,4,1003
343,FSS 72h a,0.6000000238418579,5,1124
344,FSS 72h a,0.6000000238418579,6,1263
393,FSS 72h b,0.6000000238418579,0,826
394,FSS 72h b,0.6000000238418579,1,827
395,FSS 72h b,0.6000000238418579,2,844
396,FSS 72h b,0.6000000238418579,3,892
397,FSS 72h b,0.6000000238418579,4,1124
398,FSS 72h b,0.6000000238418579,5,1238
399,FSS 72h b,0.6000000238418579,6,1407
447,FSS 72h c,0.6000000238418579,0,662
448,FSS 72h c,0.6000000238418579,1,673
449,FSS 72h c,0.6000000238418579,2,698
450,FSS 72h c,0.6000000238418579,3,771
451,FSS 72h c,0.6000000238418579,4,885
452,FSS 72h c,0.6000000238418579,5,954
453,FSS 72h c,0.6000000238418579,6,1049
502,FSS 72h d,0.6000000238418579,0,985
503,FSS 72h d,0.6000000238418579,1,993
504,FSS 72h d,0.6000000238418579,2,1016
505,FSS 72h d,0.6000000238418579,3,1082
506,FSS 72h d,0.6000000238418579,4,1223
507,FSS 72h d,0.6000000238418579,5,1375
508,FSS 72h d,0.6000000238418579,6,1525
558,FSS 72h e,0.6000000238418579,0,878
559,FSS 72h e,0.6000000238418579,1,884
560,FSS 72h e,0.6000000238418579,2,891
561,FSS 72h e,0.6000000238418579,3,954
562,FSS 72h e,0.6000000238418579,4,1141
563,FSS 72h e,0.6000000238418579,5,1338
564,FSS 72h e,0.6000000238418579,6,1521
609,FSS 72h f,0.6000000238418579,0,298
610,FSS 72h f,0.6000000238418579,1,305
611,FSS 72h f,0.6000000238418579,2,313
612,FSS 72h f,0.6000000238418579,3,341
613,FSS 72h f,0.6000000238418579,4,398
614,FSS 72h f,0.6000000238418579,5,440
615,FSS 72h f,0.6000000238418579,6,500
662,LPS 24h a,0.6000000238418579,0,858
663,LPS 24h a,0.6000000238418579,1,868
664,LPS 24h a,0.6000000238418579,2,890
665,LPS 24h a,0.6000000238418579,3,927
666,LPS 24h a,0.6000000238418579,4,1169
667,LPS 24h a,0.6000000238418579,5,1385
668,LPS 24h a,0.6000000238418579,6,1585
716,LPS 24h b,0.6000000238418579,0,746
717,LPS 24h b,0.6000000238418579,1,748
718,LPS 24h b,0.6000000238418579,2,751
719,LPS 24h b,0.6000000238418579,3,785
720,LPS 24h b,0.6000000238418579,4,975
721,LPS 24h b,0.6000000238418579,5,1100
722,LPS 24h b,0.6000000238418579,6,1212
768,LPS 24h c,0.6000000238418579,0,831
769,LPS 24h c,0.6000000238418579,1,835
770,LPS 24h c,0.6000000238418579,2,843
771,LPS 24h c,0.6000000238418579,3,882
772,LPS 24h c,0.6000000238418579,4,1110
773,LPS 24h c,0.6000000238418579,5,1259
774,LPS 24h c,0.6000000238418579,6,1419
823,LPS 24h d,0.6000000238418579,0,887
824,LPS 24h d,0.6000000238418579,1,893
825,LPS 24h d,0.6000000238418579,2,905
826,LPS 24h d,0.6000000238418579,3,952
827,LPS 24h d,0.6000000238418579,4,1126
828,LPS 24h d,0.6000000238418579,5,1309
829,LPS 24h d,0.6000000238418579,6,1504
877,LPS 24h e,0.6000000238418579,0,937
878,LPS 24h e,0.6000000238418579,1,938
879,LPS 24h e,0.6000000238418579,2,949
880,LPS 24h e,0.6000000238418579,3,987
881,LPS 24h e,0.6000000238418579,4,1215
882,LPS 24h e,0.6000000238418579,5,1423
883,LPS 24h e,0.6000000238418579,6,1587
930,LPS 24h f,0.6000000238418579,0,843
931,LPS 24h f,0.6000000238418579,1,849
932,LPS 24h f,0.6000000238418579,2,864
933,LPS 24h f,0.6000000238418579,3,925
934,LPS 24h f,0.6000000238418579,4,1077
935,LPS 24h f,0.6000000238418579,5,1199
936,LPS 24h f,0.6000000238418579,6,1377
983,LPS 72h a,0.6000000238418579,0,835
984,LPS 72h a,0.6000000238418579,1,840
985,LPS 72h a,0.6000000238418579,2,851
986,LPS 72h a,0.6000000238418579,3,893
987,LPS 72h a,0.6000000238418579,4,1119
988,LPS 72h a,0.6000000238418579,5,1286
989,LPS 72h a,0.6000000238418579,6,1482
1038,LPS 72h b,0.6000000238418579,0,798
1039,LPS 72h b,0.6000000238418579,1,805
1040,LPS 72h b,0.6000000238418579,2,811
1041,LPS 72h b,0.6000000238418579,3,867
1042,LPS 72h b,0.6000000238418579,4,1052
1043,LPS 72h b,0.6000000238418579,5,1176
1044,LPS 72h b,0.6000000238418579,6,1318
1094,LPS 72h c,0.6000000238418579,0,862
1095,LPS 72h c,0.6000000238418579,1,868
1096,LPS 72h c,0.6000000238418579,2,878
1097,LPS 72h c,0.6000000238418579,3,914
1098,LPS 72h c,0.6000000238418579,4,1090
1099,LPS 72h c,0.6000000238418579,5,1222
1100,LPS 72h c,0.6000000238418579,6,1353
1147,LPS 72h d,0.6000000238418579,0,973
1148,LPS 72h d,0.6000000238418579,1,977
1149,LPS 72h d,0.6000000238418579,2,988
1150,LPS 72h d,0.6000000238418579,3,1057
1151,LPS 72h d,0.6000000238418579,4,1267
1152,LPS 72h d,0.6000000238418579,5,1417
1153,LPS 72h d,0.6000000238418579,6,1584
1202,LPS 72h e,0.6000000238418579,0,911
1203,LPS 72h e,0.6000000238418579,1,918
1204,LPS 72h e,0.6000000238418579,2,928
1205,LPS 72h e,0.6000000238418579,3,979
1206,LPS 72h e,0.6000000238418579,4,1165
1207,LPS 72h e,0.6000000238418579,5,1391
1208,LPS 72h e,0.6000000238418579,6,1580
1256,LPS 72h f,0.6000000238418579,0,794
1257,LPS 72h f,0.6000000238418579,1,795
1258,LPS 72h f,0.6000000238418579,2,805
1259,LPS 72h f,0.6000000238418579,3,848
1260,LPS 72h f,0.6000000238418579,4,1017
1261,LPS 72h f,0.6000000238418579,5,1161
1262,LPS 72h f,0.6000000238418579,6,1323
26,FSS 24h a,0.699999988079071,0,1314
27,FSS 24h a,0.699999988079071,1,1319
28,FSS 24h a,0.699999988079071,2,1325
29,FSS 24h a,0.699999988079071,3,1366
30,FSS 24h a,0.699999988079071,4,1532
31,FSS 24h a,0.699999988079071,5,1609
32,FSS 24h a,0.699999988079071,6,1717
78,FSS 24h b,0.699999988079071,0,1478
79,FSS 24h b,0.699999988079071,2,1482
80,FSS 24h b,0.699999988079071,3,1502
81,FSS 24h b,0.699999988079071,4,1733
82,FSS 24h b,0.699999988079071,5,1790
83,FSS 24h b,0.699999988079071,6,1936
131,FSS 24h c,0.699999988079071,0,1631
132,FSS 24h c,0.699999988079071,1,1637
133,FSS 24h c,0.699999988079071,2,1644
134,FSS 24h c,0.699999988079071,3,1721
135,FSS 24h c,0.699999988079071,4,1891
136,FSS 24h c,0.699999988079071,5,2000
137,FSS 24h c,0.699999988079071,6,2159
187,FSS 24h d,0.699999988079071,0,1952
188,FSS 24h d,0.699999988079071,1,1954
189,FSS 24h d,0.699999988079071,2,1963
190,FSS 24h d,0.699999988079071,3,2017
191,FSS 24h d,0.699999988079071,4,2244
192,FSS 24h d,0.699999988079071,5,2429
193,FSS 24h d,0.699999988079071,6,2606
239,FSS 24h e,0.699999988079071,0,1706
240,FSS 24h e,0.699999988079071,1,1711
241,FSS 24h e,0.699999988079071,2,1722
242,FSS 24h e,0.699999988079071,3,1763
243,FSS 24h e,0.699999988079071,4,1976
244,FSS 24h e,0.699999988079071,5,2119
245,FSS 24h e,0.699999988079071,6,2244
290,FSS 24h f,0.699999988079071,0,1771
291,FSS 24h f,0.699999988079071,1,1779
292,FSS 24h f,0.699999988079071,2,1787
293,FSS 24h f,0.699999988079071,3,1849
294,FSS 24h f,0.699999988079071,4,2013
295,FSS 24h f,0.699999988079071,5,2173
296,FSS 24h f,0.699999988079071,6,2311
345,FSS 72h a,0.699999988079071,0,1509
346,FSS 72h a,0.699999988079071,1,1513
347,FSS 72h a,0.699999988079071,2,1517
348,FSS 72h a,0.699999988079071,3,1570
349,FSS 72h a,0.699999988079071,4,1747
350,FSS 72h a,0.699999988079071,5,1846
351,FSS 72h a,0.699999988079071,6,1975
400,FSS 72h b,0.699999988079071,0,1591
401,FSS 72h b,0.699999988079071,1,1592
402,FSS 72h b,0.699999988079071,2,1608
403,FSS 72h b,0.699999988079071,3,1660
404,FSS 72h b,0.699999988079071,4,1922
405,FSS 72h b,0.699999988079071,5,2010
406,FSS 72h b,0.699999988079071,6,2161
454,FSS 72h c,0.699999988079071,0,1214
455,FSS 72h c,0.699999988079071,1,1228
456,FSS 72h c,0.699999988079071,2,1243
457,FSS 72h c,0.699999988079071,3,1300
458,FSS 72h c,0.699999988079071,4,1384
459,FSS 72h c,0.699999988079071,5,1456
460,FSS 72h c,0.699999988079071,6,1547
509,FSS 72h d,0.699999988079071,0,1776
510,FSS 72h d,0.699999988079071,1,1786
511,FSS 72h d,0.699999988079071,2,1805
512,FSS 72h d,0.699999988079071,3,1891
513,FSS 72h d,0.699999988079071,4,2048
514,FSS 72h d,0.699999988079071,5,2186
515,FSS 72h d,0.699999988079071,6,2344
565,FSS 72h e,0.699999988079071,0,1781
566,FSS 72h e,0.699999988079071,2,1788
567,FSS 72h e,0.699999988079071,3,1837
568,FSS 72h e,0.699999988079071,4,2000
569,FSS 72h e,0.699999988079071,5,2205
570,FSS 72h e,0.699999988079071,6,2318
616,FSS 72h f,0.699999988079071,0,587
617,FSS 72h f,0.699999988079071,1,589
618,FSS 72h f,0.699999988079071,2,596
619,FSS 72h f,0.699999988079071,3,609
620,FSS 72h f,0.699999988079071,4,676
621,FSS 72h f,0.699999988079071,5,714
622,FSS 72h f,0.699999988079071,6,769
669,LPS 24h a,0.699999988079071,0,1775
670,LPS 24h a,0.699999988079071,1,1779
671,LPS 24h a,0.699999988079071,2,1807
672,LPS 24h a,0.699999988079071,3,1843
673,LPS 24h a,0.699999988079071,4,2088
674,LPS 24h a,0.699999988079071,5,2308
675,LPS 24h a,0.699999988079071,6,2458
723,LPS 24h b,0.699999988079071,0,1445
724,LPS 24h b,0.699999988079071,1,1446
725,LPS 24h b,0.699999988079071,2,1449
726,LPS 24h b,0.699999988079071,3,1487
727,LPS 24h b,0.699999988079071,4,1697
728,LPS 24h b,0.699999988079071,5,1798
729,LPS 24h b,0.699999988079071,6,1889
775,LPS 24h c,0.699999988079071,0,1677
776,LPS 24h c,0.699999988079071,1,1686
777,LPS 24h c,0.699999988079071,2,1694
778,LPS 24h c,0.699999988079071,3,1737
779,LPS 24h c,0.699999988079071,4,1921
780,LPS 24h c,0.699999988079071,5,2051
781,LPS 24h c,0.699999988079071,6,2193
830,LPS 24h d,0.699999988079071,0,1756
831,LPS 24h d,0.699999988079071,1,1759
832,LPS 24h d,0.699999988079071,2,1773
833,LPS 24h d,0.699999988079071,3,1808
834,LPS 24h d,0.699999988079071,4,2021
835,LPS 24h d,0.699999988079071,5,2168
836,LPS 24h d,0.699999988079071,6,2347
884,LPS 24h e,0.699999988079071,0,1831
885,LPS 24h e,0.699999988079071,1,1834
886,LPS 24h e,0.699999988079071,2,1839
887,LPS 24h e,0.699999988079071,3,1868
888,LPS 24h e,0.699999988079071,4,2102
889,LPS 24h e,0.699999988079071,5,2343
890,LPS 24h e,0.699999988079071,6,2470
937,LPS 24h f,0.699999988079071,0,1620
938,LPS 24h f,0.699999988079071,1,1632
939,LPS 24h f,0.699999988079071,2,1652
940,LPS 24h f,0.699999988079071,3,1706
941,LPS 24h f,0.699999988079071,4,1858
942,LPS 24h f,0.699999988079071,5,1989
943,LPS 24h f,0.699999988079071,6,2129
990,LPS 72h a,0.699999988079071,0,1645
991,LPS 72h a,0.699999988079071,1,1647
992,LPS 72h a,0.699999988079071,2,1657
993,LPS 72h a,0.699999988079071,3,1693
994,LPS 72h a,0.699999988079071,4,1985
995,LPS 72h a,0.699999988079071,5,2134
996,LPS 72h a,0.699999988079071,6,2295
1045,LPS 72h b,0.699999988079071,0,1595
1046,LPS 72h b,0.699999988079071,1,1598
1047,LPS 72h b,0.699999988079071,2,1603
1048,LPS 72h b,0.699999988079071,3,1666
1049,LPS 72h b,0.699999988079071,4,1863
1050,LPS 72h b,0.699999988079071,5,1960
1051,LPS 72h b,0.699999988079071,6,2106
1101,LPS 72h c,0.699999988079071,0,1630
1102,LPS 72h c,0.699999988079071,1,1637
1103,LPS 72h c,0.699999988079071,2,1652
1104,LPS 72h c,0.699999988079071,3,1696
1105,LPS 72h c,0.699999988079071,4,1896
1106,LPS 72h c,0.699999988079071,5,2031
1107,LPS 72h c,0.699999988079071,6,2155
1154,LPS 72h d,0.699999988079071,0,1866
1155,LPS 72h d,0.699999988079071,1,1871
1156,LPS 72h d,0.699999988079071,2,1884
1157,LPS 72h d,0.699999988079071,3,1959
1158,LPS 72h d,0.699999988079071,4,2168
1159,LPS 72h d,0.699999988079071,5,2297
1160,LPS 72h d,0.699999988079071,6,2451
1209,LPS 72h e,0.699999988079071,0,1847
1210,LPS 72h e,0.699999988079071,1,1856
1211,LPS 72h e,0.699999988079071,2,1864
1212,LPS 72h e,0.699999988079071,3,1911
1213,LPS 72h e,0.699999988079071,4,2121
1214,LPS 72h e,0.699999988079071,5,2329
1215,LPS 72h e,0.699999988079071,6,2500
1263,LPS 72h f,0.699999988079071,0,1597
1264,LPS 72h f,0.699999988079071,1,1599
1265,LPS 72h f,0.699999988079071,2,1604
1266,LPS 72h f,0.699999988079071,3,1665
1267,LPS 72h f,0.699999988079071,4,1831
1268,LPS 72h f,0.699999988079071,5,1961
1269,LPS 72h f,0.699999988079071,6,2103
33,FSS 24h a,0.800000011920929,0,2028
34,FSS 24h a,0.800000011920929,1,2031
35,FSS 24h a,0.800000011920929,2,2037
36,FSS 24h a,0.800000011920929,3,2082
37,FSS 24h a,0.800000011920929,4,2291
38,FSS 24h a,0.800000011920929,5,2390
39,FSS 24h a,0.800000011920929,6,2484
84,FSS 24h b,0.800000011920929,0,2223
85,FSS 24h b,0.800000011920929,1,2224
86,FSS 24h b,0.800000011920929,2,2232
87,FSS 24h b,0.800000011920929,3,2271
88,FSS 24h b,0.800000011920929,4,2527
89,FSS 24h b,0.800000011920929,5,2561
90,FSS 24h b,0.800000011920929,6,2727
138,FSS 24h c,0.800000011920929,0,2504
139,FSS 24h c,0.800000011920929,1,2511
140,FSS 24h c,0.800000011920929,2,2516
141,FSS 24h c,0.800000011920929,3,2596
142,FSS 24h c,0.800000011920929,4,2774
143,FSS 24h c,0.800000011920929,5,2869
144,FSS 24h c,0.800000011920929,6,3040
194,FSS 24h d,0.800000011920929,0,2896
195,FSS 24h d,0.800000011920929,1,2898
196,FSS 24h d,0.800000011920929,2,2909
197,FSS 24h d,0.800000011920929,3,2973
198,FSS 24h d,0.800000011920929,4,3232
199,FSS 24h d,0.800000011920929,5,3389
200,FSS 24h d,0.800000011920929,6,3550
246,FSS 24h e,0.800000011920929,0,2534
247,FSS 24h e,0.800000011920929,1,2538
248,FSS 24h e,0.800000011920929,2,2546
249,FSS 24h e,0.800000011920929,3,2603
250,FSS 24h e,0.800000011920929,4,2810
251,FSS 24h e,0.800000011920929,5,2962
252,FSS 24h e,0.800000011920929,6,3088
297,FSS 24h f,0.800000011920929,0,2610
298,FSS 24h f,0.800000011920929,1,2611
299,FSS 24h f,0.800000011920929,2,2623
300,FSS 24h f,0.800000011920929,3,2678
301,FSS 24h f,0.800000011920929,4,2865
302,FSS 24h f,0.800000011920929,5,3061
303,FSS 24h f,0.800000011920929,6,3213
352,FSS 72h a,0.800000011920929,0,2283
353,FSS 72h a,0.800000011920929,1,2287
354,FSS 72h a,0.800000011920929,2,2291
355,FSS 72h a,0.800000011920929,3,2350
356,FSS 72h a,0.800000011920929,4,2564
357,FSS 72h a,0.800000011920929,5,2675
358,FSS 72h a,0.800000011920929,6,2820
407,FSS 72h b,0.800000011920929,0,2378
408,FSS 72h b,0.800000011920929,1,2379
409,FSS 72h b,0.800000011920929,2,2394
410,FSS 72h b,0.800000011920929,3,2473
411,FSS 72h b,0.800000011920929,4,2773
412,FSS 72h b,0.800000011920929,5,2870
413,FSS 72h b,0.800000011920929,6,2992
461,FSS 72h c,0.800000011920929,0,1795
462,FSS 72h c,0.800000011920929,1,1803
463,FSS 72h c,0.800000011920929,2,1820
464,FSS 72h c,0.800000011920929,3,1897
465,FSS 72h c,0.800000011920929,4,2003
466,FSS 72h c,0.800000011920929,5,2075
467,FSS 72h c,0.800000011920929,6,2167
516,FSS 72h d,0.800000011920929,0,2661
517,FSS 72h d,0.800000011920929,1,2668
518,FSS 72h d,0.800000011920929,2,2691
519,FSS 72h d,0.800000011920929,3,2787
520,FSS 72h d,0.800000011920929,4,2940
521,FSS 72h d,0.800000011920929,5,3055
522,FSS 72h d,0.800000011920929,6,3199
571,FSS 72h e,0.800000011920929,0,2641
572,FSS 72h e,0.800000011920929,1,2644
573,FSS 72h e,0.800000011920929,2,2649
574,FSS 72h e,0.800000011920929,3,2718
575,FSS 72h e,0.800000011920929,4,2897
576,FSS 72h e,0.800000011920929,5,3135
577,FSS 72h e,0.800000011920929,6,3237
623,FSS 72h f,0.800000011920929,0,868
624,FSS 72h f,0.800000011920929,1,875
625,FSS 72h f,0.800000011920929,2,885
626,FSS 72h f,0.800000011920929,3,915
627,FSS 72h f,0.800000011920929,4,970
628,FSS 72h f,0.800000011920929,5,1006
629,FSS 72h f,0.800000011920929,6,1062
676,LPS 24h a,0.800000011920929,0,2674
677,LPS 24h a,0.800000011920929,1,2679
678,LPS 24h a,0.800000011920929,2,2692
679,LPS 24h a,0.800000011920929,3,2732
680,LPS 24h a,0.800000011920929,4,3025
681,LPS 24h a,0.800000011920929,5,3193
682,LPS 24h a,0.800000011920929,6,3355
730,LPS 24h b,0.800000011920929,0,2173
731,LPS 24h b,0.800000011920929,1,2176
732,LPS 24h b,0.800000011920929,2,2178
733,LPS 24h b,0.800000011920929,3,2224
734,LPS 24h b,0.800000011920929,4,2442
735,LPS 24h b,0.800000011920929,5,2561
736,LPS 24h b,0.800000011920929,6,2663
782,LPS 24h c,0.800000011920929,0,2501
783,LPS 24h c,0.800000011920929,1,2503
784,LPS 24h c,0.800000011920929,2,2512
785,LPS 24h c,0.800000011920929,3,2561
786,LPS 24h c,0.800000011920929,4,2783
787,LPS 24h c,0.800000011920929,5,2923
788,LPS 24h c,0.800000011920929,6,3075
837,LPS 24h d,0.800000011920929,0,2672
838,LPS 24h d,0.800000011920929,1,2675
839,LPS 24h d,0.800000011920929,2,2688
840,LPS 24h d,0.800000011920929,3,2741
841,LPS 24h d,0.800000011920929,4,2968
842,LPS 24h d,0.800000011920929,5,3131
843,LPS 24h d,0.800000011920929,6,3307
891,LPS 24h e,0.800000011920929,0,2763
892,LPS 24h e,0.800000011920929,2,2770
893,LPS 24h e,0.800000011920929,3,2802
894,LPS 24h e,0.800000011920929,4,3059
895,LPS 24h e,0.800000011920929,5,3254
896,LPS 24h e,0.800000011920929,6,3374
944,LPS 24h f,0.800000011920929,0,2419
945,LPS 24h f,0.800000011920929,1,2427
946,LPS 24h f,0.800000011920929,2,2439
947,LPS 24h f,0.800000011920929,3,2518
948,LPS 24h f,0.800000011920929,4,2698
949,LPS 24h f,0.800000011920929,5,2821
950,LPS 24h f,0.800000011920929,6,2956
997,LPS 72h a,0.800000011920929,0,2542
998,LPS 72h a,0.800000011920929,1,2546
999,LPS 72h a,0.800000011920929,2,2556
1000,LPS 72h a,0.800000011920929,3,2604
1001,LPS 72h a,0.800000011920929,4,2931
1002,LPS 72h a,0.800000011920929,5,3059
1003,LPS 72h a,0.800000011920929,6,3250
1052,LPS 72h b,0.800000011920929,0,2468
1053,LPS 72h b,0.800000011920929,1,2469
1054,LPS 72h b,0.800000011920929,2,2475
1055,LPS 72h b,0.800000011920929,3,2556
1056,LPS 72h b,0.800000011920929,4,2782
1057,LPS 72h b,0.800000011920929,5,2871
1058,LPS 72h b,0.800000011920929,6,3009
1108,LPS 72h c,0.800000011920929,0,2501
1109,LPS 72h c,0.800000011920929,1,2506
1110,LPS 72h c,0.800000011920929,2,2511
1111,LPS 72h c,0.800000011920929,3,2572
1112,LPS 72h c,0.800000011920929,4,2790
1113,LPS 72h c,0.800000011920929,5,2908
1114,LPS 72h c,0.800000011920929,6,3046
1161,LPS 72h d,0.800000011920929,0,2802
1162,LPS 72h d,0.800000011920929,1,2803
1163,LPS 72h d,0.800000011920929,2,2812
1164,LPS 72h d,0.800000011920929,3,2902
1165,LPS 72h d,0.800000011920929,4,3145
1166,LPS 72h d,0.800000011920929,5,3294
1167,LPS 72h d,0.800000011920929,6,3449
1216,LPS 72h e,0.800000011920929,0,2769
1217,LPS 72h e,0.800000011920929,1,2774
1218,LPS 72h e,0.800000011920929,2,2785
1219,LPS 72h e,0.800000011920929,3,2847
1220,LPS 72h e,0.800000011920929,4,3059
1221,LPS 72h e,0.800000011920929,5,3260
1222,LPS 72h e,0.800000011920929,6,3425
1270,LPS 72h f,0.800000011920929,0,2418
1271,LPS 72h f,0.800000011920929,1,2421
1272,LPS 72h f,0.800000011920929,2,2427
1273,LPS 72h f,0.800000011920929,3,2478
1274,LPS 72h f,0.800000011920929,4,2679
1275,LPS 72h f,0.800000011920929,5,2786
1276,LPS 72h f,0.800000011920929,6,2930
40,FSS 24h a,0.8999999761581421,0,2946
41,FSS 24h a,0.8999999761581421,1,2950
42,FSS 24h a,0.8999999761581421,2,2955
43,FSS 24h a,0.8999999761581421,3,3020
44,FSS 24h a,0.8999999761581421,4,3321
45,FSS 24h a,0.8999999761581421,5,3417
46,FSS 24h a,0.8999999761581421,6,3515
91,FSS 24h b,0.8999999761581421,0,3133
92,FSS 24h b,0.8999999761581421,1,3135
93,FSS 24h b,0.8999999761581421,2,3139
94,FSS 24h b,0.8999999761581421,3,3182
95,FSS 24h b,0.8999999761581421,4,3563
96,FSS 24h b,0.8999999761581421,5,3601
97,FSS 24h b,0.8999999761581421,6,3791
145,FSS 24h c,0.8999999761581421,0,3575
146,FSS 24h c,0.8999999761581421,1,3578
147,FSS 24h c,0.8999999761581421,2,3591
148,FSS 24h c,0.8999999761581421,3,3687
149,FSS 24h c,0.8999999761581421,4,3889
150,FSS 24h c,0.8999999761581421,5,3988
151,FSS 24h c,0.8999999761581421,6,4173
201,FSS 24h d,0.8999999761581421,0,3999
202,FSS 24h d,0.8999999761581421,1,4002
203,FSS 24h d,0.8999999761581421,2,4012
204,FSS 24h d,0.8999999761581421,3,4116
205,FSS 24h d,0.8999999761581421,4,4442
206,FSS 24h d,0.8999999761581421,5,4631
207,FSS 24h d,0.8999999761581421,6,4785
253,FSS 24h e,0.8999999761581421,0,3590
254,FSS 24h e,0.8999999761581421,1,3598
255,FSS 24h e,0.8999999761581421,2,3603
256,FSS 24h e,0.8999999761581421,3,3682
257,FSS 24h e,0.8999999761581421,4,3954
258,FSS 24h e,0.8999999761581421,5,4107
259,FSS 24h e,0.8999999761581421,6,4248
304,FSS 24h f,0.8999999761581421,0,3702
305,FSS 24h f,0.8999999761581421,1,3707
306,FSS 24h f,0.8999999761581421,2,3713
307,FSS 24h f,0.8999999761581421,3,3775
308,FSS 24h f,0.8999999761581421,4,3999
309,FSS 24h f,0.8999999761581421,5,4228
310,FSS 24h f,0.8999999761581421,6,4384
359,FSS 72h a,0.8999999761581421,0,3291
360,FSS 72h a,0.8999999761581421,1,3296
361,FSS 72h a,0.8999999761581421,2,3300
362,FSS 72h a,0.8999999761581421,3,3366
363,FSS 72h a,0.8999999761581421,4,3622
364,FSS 72h a,0.8999999761581421,5,3719
365,FSS 72h a,0.8999999761581421,6,3884
414,FSS 72h b,0.8999999761581421,0,3335
415,FSS 72h b,0.8999999761581421,2,3348
416,FSS 72h b,0.8999999761581421,3,3462
417,FSS 72h b,0.8999999761581421,4,3890
418,FSS 72h b,0.8999999761581421,5,3968
419,FSS 72h b,0.8999999761581421,6,4102
468,FSS 72h c,0.8999999761581421,0,2571
469,FSS 72h c,0.8999999761581421,1,2577
470,FSS 72h c,0.8999999761581421,2,2589
471,FSS 72h c,0.8999999761581421,3,2681
472,FSS 72h c,0.8999999761581421,4,2808
473,FSS 72h c,0.8999999761581421,5,2874
474,FSS 72h c,0.8999999761581421,6,2970
523,FSS 72h d,0.8999999761581421,0,3695
524,FSS 72h d,0.8999999761581421,1,3699
525,FSS 72h d,0.8999999761581421,2,3714
526,FSS 72h d,0.8999999761581421,3,3865
527,FSS 72h d,0.8999999761581421,4,4074
528,FSS 72h d,0.8999999761581421,5,4224
529,FSS 72h d,0.8999999761581421,6,4378
578,FSS 72h e,0.8999999761581421,0,3702
579,FSS 72h e,0.8999999761581421,1,3705
580,FSS 72h e,0.8999999761581421,2,3712
581,FSS 72h e,0.8999999761581421,3,3778
582,FSS 72h e,0.8999999761581421,4,4042
583,FSS 72h e,0.8999999761581421,5,4301
584,FSS 72h e,0.8999999761581421,6,4427
630,FSS 72h f,0.8999999761581421,0,1230
631,FSS 72h f,0.8999999761581421,1,1234
632,FSS 72h f,0.8999999761581421,2,1244
633,FSS 72h f,0.8999999761581421,3,1287
634,FSS 72h f,0.8999999761581421,4,1341
635,FSS 72h f,0.8999999761581421,5,1371
636,FSS 72h f,0.8999999761581421,6,1429
683,LPS 24h a,0.8999999761581421,0,3693
684,LPS 24h a,0.8999999761581421,1,3698
685,LPS 24h a,0.8999999761581421,2,3719
686,LPS 24h a,0.8999999761581421,3,3777
687,LPS 24h a,0.8999999761581421,4,4248
688,LPS 24h a,0.8999999761581421,5,4423
689,LPS 24h a,0.8999999761581421,6,4586
737,LPS 24h b,0.8999999761581421,0,3075
738,LPS 24h b,0.8999999761581421,2,3077
739,LPS 24h b,0.8999999761581421,3,3142
740,LPS 24h b,0.8999999761581421,4,3450
741,LPS 24h b,0.8999999761581421,5,3553
742,LPS 24h b,0.8999999761581421,6,3673
789,LPS 24h c,0.8999999761581421,0,3554
790,LPS 24h c,0.8999999761581421,1,3556
791,LPS 24h c,0.8999999761581421,2,3558
792,LPS 24h c,0.8999999761581421,3,3608
793,LPS 24h c,0.8999999761581421,4,3874
794,LPS 24h c,0.8999999761581421,5,4005
795,LPS 24h c,0.8999999761581421,6,4153
844,LPS 24h d,0.8999999761581421,0,3780
845,LPS 24h d,0.8999999761581421,1,3785
846,LPS 24h d,0.8999999761581421,2,3796
847,LPS 24h d,0.8999999761581421,3,3870
848,LPS 24h d,0.8999999761581421,4,4114
849,LPS 24h d,0.8999999761581421,5,4276
850,LPS 24h d,0.8999999761581421,6,4443
897,LPS 24h e,0.8999999761581421,0,3801
898,LPS 24h e,0.8999999761581421,1,3803
899,LPS 24h e,0.8999999761581421,2,3805
900,LPS 24h e,0.8999999761581421,3,3857
901,LPS 24h e,0.8999999761581421,4,4201
902,LPS 24h e,0.8999999761581421,5,4441
903,LPS 24h e,0.8999999761581421,6,4570
951,LPS 24h f,0.8999999761581421,0,3388
952,LPS 24h f,0.8999999761581421,1,3395
953,LPS 24h f,0.8999999761581421,2,3415
954,LPS 24h f,0.8999999761581421,3,3510
955,LPS 24h f,0.8999999761581421,4,3763
956,LPS 24h f,0.8999999761581421,5,3889
957,LPS 24h f,0.8999999761581421,6,4023
1004,LPS 72h a,0.8999999761581421,0,3562
1005,LPS 72h a,0.8999999761581421,1,3567
1006,LPS 72h a,0.8999999761581421,2,3586
1007,LPS 72h a,0.8999999761581421,3,3658
1008,LPS 72h a,0.8999999761581421,4,4079
1009,LPS 72h a,0.8999999761581421,5,4236
1010,LPS 72h a,0.8999999761581421,6,4472
1059,LPS 72h b,0.8999999761581421,0,3488
1060,LPS 72h b,0.8999999761581421,1,3489
1061,LPS 72h b,0.8999999761581421,2,3497
1062,LPS 72h b,0.8999999761581421,3,3575
1063,LPS 72h b,0.8999999761581421,4,3897
1064,LPS 72h b,0.8999999761581421,5,4008
1065,LPS 72h b,0.8999999761581421,6,4172
1115,LPS 72h c,0.8999999761581421,0,3556
1116,LPS 72h c,0.8999999761581421,1,3560
1117,LPS 72h c,0.8999999761581421,2,3565
1118,LPS 72h c,0.8999999761581421,3,3611
1119,LPS 72h c,0.8999999761581421,4,3928
1120,LPS 72h c,0.8999999761581421,5,4085
1121,LPS 72h c,0.8999999761581421,6,4216
1168,LPS 72h d,0.8999999761581421,0,3912
1169,LPS 72h d,0.8999999761581421,1,3917
1170,LPS 72h d,0.8999999761581421,2,3930
1171,LPS 72h d,0.8999999761581421,3,4084
1172,LPS 72h d,0.8999999761581421,4,4396
1173,LPS 72h d,0.8999999761581421,5,4531
1174,LPS 72h d,0.8999999761581421,6,4699
1223,LPS 72h e,0.8999999761581421,0,3903
1224,LPS 72h e,0.8999999761581421,1,3909
1225,LPS 72h e,0.8999999761581421,2,3917
1226,LPS 72h e,0.8999999761581421,3,3983
1227,LPS 72h e,0.8999999761581421,4,4257
1228,LPS 72h e,0.8999999761581421,5,4481
1229,LPS 72h e,0.8999999761581421,6,4640
1277,LPS 72h f,0.8999999761581421,0,3439
1278,LPS 72h f,0.8999999761581421,1,3444
1279,LPS 72h f,0.8999999761581421,2,3452
1280,LPS 72h f,0.8999999761581421,3,3503
1281,LPS 72h f,0.8999999761581421,4,3752
1282,LPS 72h f,0.8999999761581421,5,3898
1283,LPS 72h f,0.8999999761581421,6,4043
47,FSS 24h a,1.0,0,6674
48,FSS 24h a,1.0,1,6678
49,FSS 24h a,1.0,2,6688
50,FSS 24h a,1.0,3,6920
51,FSS 24h a,1.0,4,8073
52,FSS 24h a,1.0,5,8172
53,FSS 24h a,1.0,6,8306
98,FSS 24h b,1.0,0,6419
99,FSS 24h b,1.0,1,6420
100,FSS 24h b,1.0,2,6425
101,FSS 24h b,1.0,3,6630
102,FSS 24h b,1.0,4,8246
103,FSS 24h b,1.0,5,8266
104,FSS 24h b,1.0,6,8554
152,FSS 24h c,1.0,0,7454
153,FSS 24h c,1.0,1,7456
154,FSS 24h c,1.0,2,7469
155,FSS 24h c,1.0,3,8003
156,FSS 24h c,1.0,4,8442
157,FSS 24h c,1.0,5,8543
158,FSS 24h c,1.0,6,8822
208,FSS 24h d,1.0,0,6685
209,FSS 24h d,1.0,2,6701
210,FSS 24h d,1.0,3,7312
211,FSS 24h d,1.0,4,8248
212,FSS 24h d,1.0,5,8414
213,FSS 24h d,1.0,6,8587
260,FSS 24h e,1.0,0,6847
261,FSS 24h e,1.0,1,6854
262,FSS 24h e,1.0,2,6874
263,FSS 24h e,1.0,3,7221
264,FSS 24h e,1.0,4,8147
265,FSS 24h e,1.0,5,8302
266,FSS 24h e,1.0,6,8483
311,FSS 24h f,1.0,0,7246
312,FSS 24h f,1.0,1,7252
313,FSS 24h f,1.0,2,7266
314,FSS 24h f,1.0,3,7547
315,FSS 24h f,1.0,4,8141
316,FSS 24h f,1.0,5,8378
317,FSS 24h f,1.0,6,8548
366,FSS 72h a,1.0,0,7312
367,FSS 72h a,1.0,1,7316
368,FSS 72h a,1.0,2,7331
369,FSS 72h a,1.0,3,7590
370,FSS 72h a,1.0,4,8441
371,FSS 72h a,1.0,5,8565
372,FSS 72h a,1.0,6,8829
420,FSS 72h b,1.0,0,5296
421,FSS 72h b,1.0,1,5303
422,FSS 72h b,1.0,2,5324
423,FSS 72h b,1.0,3,5950
424,FSS 72h b,1.0,4,7763
425,FSS 72h b,1.0,5,7809
426,FSS 72h b,1.0,6,7978
475,FSS 72h c,1.0,0,5740
476,FSS 72h c,1.0,1,5749
477,FSS 72h c,1.0,2,5775
478,FSS 72h c,1.0,3,6207
479,FSS 72h c,1.0,4,6476
480,FSS 72h c,1.0,5,6538
481,FSS 72h c,1.0,6,6662
530,FSS 72h d,1.0,0,7172
531,FSS 72h d,1.0,1,7179
532,FSS 72h d,1.0,2,7196
533,FSS 72h d,1.0,3,7890
534,FSS 72h d,1.0,4,8293
535,FSS 72h d,1.0,5,8476
536,FSS 72h d,1.0,6,8654
585,FSS 72h e,1.0,0,6863
586,FSS 72h e,1.0,1,6866
587,FSS 72h e,1.0,2,6873
588,FSS 72h e,1.0,3,7221
589,FSS 72h e,1.0,4,7865
590,FSS 72h e,1.0,5,8165
591,FSS 72h e,1.0,6,8306
637,FSS 72h f,1.0,0,2226
638,FSS 72h f,1.0,1,2237
639,FSS 72h f,1.0,2,2256
640,FSS 72h f,1.0,3,2489
641,FSS 72h f,1.0,4,2662
642,FSS 72h f,1.0,5,2693
643,FSS 72h f,1.0,6,2773
690,LPS 24h a,1.0,0,6080
691,LPS 24h a,1.0,1,6086
692,LPS 24h a,1.0,2,6123
693,LPS 24h a,1.0,3,6462
694,LPS 24h a,1.0,4,8101
695,LPS 24h a,1.0,5,8284
696,LPS 24h a,1.0,6,8501
743,LPS 24h b,1.0,0,6574
744,LPS 24h b,1.0,1,6575
745,LPS 24h b,1.0,2,6579
746,LPS 24h b,1.0,3,6866
747,LPS 24h b,1.0,4,7904
748,LPS 24h b,1.0,5,8033
749,LPS 24h b,1.0,6,8223
796,LPS 24h c,1.0,0,7608
797,LPS 24h c,1.0,1,7610
798,LPS 24h c,1.0,2,7624
799,LPS 24h c,1.0,3,7845
800,LPS 24h c,1.0,4,8431
801,LPS 24h c,1.0,5,8532
802,LPS 24h c,1.0,6,8786
851,LPS 24h d,1.0,0,7068
852,LPS 24h d,1.0,1,7070
853,LPS 24h d,1.0,2,7093
854,LPS 24h d,1.0,3,7483
855,LPS 24h d,1.0,4,8245
856,LPS 24h d,1.0,5,8396
857,LPS 24h d,1.0,6,8630
904,LPS 24h e,1.0,0,6848
905,LPS 24h e,1.0,1,6850
906,LPS 24h e,1.0,2,6853
907,LPS 24h e,1.0,3,7102
908,LPS 24h e,1.0,4,8097
909,LPS 24h e,1.0,5,8327
910,LPS 24h e,1.0,6,8454
958,LPS 24h f,1.0,0,6622
959,LPS 24h f,1.0,1,6629
960,LPS 24h f,1.0,2,6649
961,LPS 24h f,1.0,3,7224
962,LPS 24h f,1.0,4,7952
963,LPS 24h f,1.0,5,8109
964,LPS 24h f,1.0,6,8279
1011,LPS 72h a,1.0,0,5826
1012,LPS 72h a,1.0,1,5839
1013,LPS 72h a,1.0,2,5893
1014,LPS 72h a,1.0,3,6304
1015,LPS 72h a,1.0,4,7769
1016,LPS 72h a,1.0,5,7907
1017,LPS 72h a,1.0,6,8359
1066,LPS 72h b,1.0,0,6807
1067,LPS 72h b,1.0,1,6811
1068,LPS 72h b,1.0,2,6823
1069,LPS 72h b,1.0,3,7200
1070,LPS 72h b,1.0,4,8269
1071,LPS 72h b,1.0,5,8356
1072,LPS 72h b,1.0,6,8597
1122,LPS 72h c,1.0,0,7025
1123,LPS 72h c,1.0,1,7029
1124,LPS 72h c,1.0,2,7040
1125,LPS 72h c,1.0,3,7331
1126,LPS 72h c,1.0,4,8254
1127,LPS 72h c,1.0,5,8410
1128,LPS 72h c,1.0,6,8585
1175,LPS 72h d,1.0,0,6678
1176,LPS 72h d,1.0,1,6679
1177,LPS 72h d,1.0,2,6709
1178,LPS 72h d,1.0,3,7463
1179,LPS 72h d,1.0,4,8165
1180,LPS 72h d,1.0,5,8279
1181,LPS 72h d,1.0,6,8514
1230,LPS 72h e,1.0,0,6892
1231,LPS 72h e,1.0,1,6896
1232,LPS 72h e,1.0,2,6917
1233,LPS 72h e,1.0,3,7330
1234,LPS 72h e,1.0,4,8036
1235,LPS 72h e,1.0,5,8278
1236,LPS 72h e,1.0,6,8489
1284,LPS 72h f,1.0,0,7020
1285,LPS 72h f,1.0,2,7030
1286,LPS 72h f,1.0,3,7381
1287,LPS 72h f,1.0,4,8103
1288,LPS 72h f,1.0,5,8229
1289,LPS 72h f,1.0,6,8391
